,Title,Risk,URL
0,Inflation 'collapse' will spark big stock market gains: Credit Suisse,1,https://www.cnbc.com/2022/09/12/inflation-collapse-will-spark-big-stock-market-gains-credit-suisse.html
1,Here's what's in Biden framework to regulate crypto,0,https://www.cnbc.com/2022/09/16/heres-whats-in-biden-framework-to-regulate-crypto.html
2,Ether falls after the smart contracts network completes the 'merge',0,https://www.cnbc.com/2022/09/15/ether-falls-after-the-smart-contracts-network-completes-long-anticipated-merge.html
3,"FedEx CEO has really lost credibility here, says Michael Farr",0,https://www.cnbc.com/video/2022/09/16/fedex-ceo-has-really-lost-credibility-here-says-michael-farr.html?&recirc=taboolainternal
4,Ethereum's massive software upgrade just went live — here's what it does,1,https://www.cnbc.com/2022/09/15/ethereums-massive-software-upgrade-just-went-live-heres-what-it-does.html
5,The 'Merge' is here — last chance to buy ether before makeover,1,https://www.cnbc.com/2022/09/14/the-merge-is-here-last-chance-to-buy-ether-before-makeover.html
6,China's tourism revenue was below pre-Covid 2019 levels amid lockdowns,0,https://www.cnbc.com/2022/09/13/chinas-tourism-revenue-was-below-pre-covid-2019-levels-amid-lockdowns.html
7,JPMorgan picks stocks to benefit if the metaverse takes off in China,1,https://www.cnbc.com/2022/09/12/jpmorgan-picks-stocks-to-benefit-if-the-metaverse-takes-off-in-china.html
8,"Fed's Waller sees 'significant' rate hike this month, backs data-dependent approach",1,https://www.cnbc.com/2022/09/09/feds-waller-sees-significant-rate-hike-this-month-backs-data-dependent-approach.html
9,Commerzbank CEO says lenders are prepared for failing loans risk,0,https://www.cnbc.com/2022/09/08/commerzbank-ceo-says-lenders-are-prepared-for-failing-loans-risk.html
10,Coinbase bankrolls suit against Treasury Department following Tornado Cash sanctions,0,https://www.cnbc.com/2022/09/08/coinbase-bankrolls-suit-against-treasury-department-following-tornado-cash-sanctions.html
11,Sunak or Truss: Britain's next prime minister to be announced,1,https://www.cnbc.com/2022/09/05/sunak-or-truss-britains-next-prime-minister-to-be-announced.html
12,China's electric car companies are safe from the U.S. Nvidia chip ban,1,https://www.cnbc.com/2022/09/02/chinas-electric-car-companies-are-safe-from-the-us-nvidia-chip-ban.html
13,Turkey's skyrocketing inflation threatens more losses for Gulf banks,0,https://www.cnbc.com/2022/09/02/turkeys-skyrocketing-inflation-threatens-more-losses-for-gulf-banks.html
14,Fed's Mester sees benchmark rate above 4% and no cuts at least through 2023,1,https://www.cnbc.com/2022/08/31/feds-mester-sees-benchmark-rate-above-4percent-and-no-cuts-at-least-through-2023.html
15,"U.S. needs miracle to avoid recession, economist Stephen Roach warns",0,https://www.cnbc.com/2022/08/29/us-needs-miracle-to-avoid-recession-economist-stephen-roach-warns.html
16,"Bitcoin briefly drops below $20,000 to lowest level since mid-July as investors dump risk assets",0,https://www.cnbc.com/2022/08/29/bitcoin-drops-below-20000-to-lowest-level-since-mid-july-as-investors-dump-risk-assets.html
17,"Warren Buffett gets permission to buy up to half of Occidental Petroleum, boosting the shares",1,https://www.cnbc.com/2022/08/19/warren-buffett-gets-permission-to-buy-up-to-half-of-occidental-petroleum-boosting-the-shares.html
18,Crypto firm FTX receives cease and desist from FDIC about insurance,1,https://www.cnbc.com/2022/08/19/crypto-firm-ftx-receives-cease-and-desist-from-fdic-about-insurance.html
19,Chinese property developers' cash flows have plunged by more than 20%,0,https://www.cnbc.com/2022/08/18/chinese-property-developers-cash-flows-have-plunged-by-more-than-20percent.html
20,Bed Bath & Beyond soars 70% as meme traders bet on Ryan Cohen,1,https://www.cnbc.com/2022/08/16/bed-bath-beyond-soars-70percent-as-meme-traders-bet-on-ryan-cohen.html
21,Tesla hedging: New ETF gears up to attract hesitant investors,1,https://www.cnbc.com/2022/08/14/tesla-hedging-new-etf-gears-up-to-attract-hesitant-investors.html
22,Huawei's second quarter revenue rises slightly from a year ago,1,https://www.cnbc.com/2022/08/12/huaweis-second-quarter-revenue-rises-slightly-from-a-year-ago.html
23,"Fed expected to stick with hawkish interest rate hikes, strategists say ",0,https://www.cnbc.com/2022/08/12/fed-expected-to-stick-with-hawkish-interest-rate-hikes-strategists-say-.html
24,Zoom investor tells startup founders: ‘Forget the past three years',1,https://www.cnbc.com/2022/08/11/zoom-investor-tells-startup-founders-forget-the-past-three-years.html
25,Here's where China's real estate troubles could spill over ,0,https://www.cnbc.com/2022/08/12/heres-where-chinas-real-estate-troubles-could-spill-over-.html
26,Crypto demand pushes Schwab to launch new ETF despite bitcoin crash,1,https://www.cnbc.com/2022/08/10/crypto-demand-pushes-schwab-to-launch-new-etf-despite-bitcoin-crash.html
27,Alibaba gets Hong Kong's approval for a primary stock listing,1,https://www.cnbc.com/2022/08/09/alibaba-gets-hong-kongs-approval-for-a-primary-stock-listing.html
28,"Wage inflation, used car prices could jump higher: Jim Bianco",0,https://www.cnbc.com/2022/08/08/wage-inflation-used-car-prices-could-jump-higher-jim-bianco.html
29,Fed Governor Bowman sees 'similarly sized' rate hikes ahead after three-quarter point moves,0,https://www.cnbc.com/2022/08/06/fed-governor-bowman-sees-similarly-sized-rate-hikes-ahead-after-three-quarter-point-moves.html
30,Long-term unemployment tumbles to its pre-pandemic level,0,https://www.cnbc.com/2022/08/05/long-term-unemployment-tumbles-to-its-pre-pandemic-level.html
31, Santander's Tim Wennes: A 'shakeout' among mortgage lenders is coming,0,https://www.cnbc.com/2022/08/05/-santanders-tim-wennes-a-shakeout-among-mortgage-lenders-is-coming.html
32,"Job cuts, smaller bonuses loom for Wall Street bankers",1,https://www.cnbc.com/2022/08/04/job-cuts-smaller-bonuses-loom-for-wall-street-bankers-consultant-says.html
33,Ford asks dealers to invest in EVs as it chases Tesla-like profit,1,https://www.cnbc.com/2022/09/14/ford-outlines-ev-investment-structure-for-its-dealers-as-it-chases-tesla-like-profit.html
34,JPMorgan (JPM) earnings Q3 2021,1,https://www.cnbc.com/2021/10/13/jpmorgan-jpm-earnings-q3-2021.html
35,Tesla has made $1 billion profit on its bitcoin investment: Analyst,1,https://www.cnbc.com/2021/02/22/tesla-has-made-1-billion-profit-on-its-bitcoin-investment-analyst.html
36,Coinbase is buying $500 million in crypto and investing future profits into a crypto portfolio,1,https://www.cnbc.com/2021/08/20/coinbase-is-buying-500-million-in-crypto-and-investing-future-profits-into-a-crypto-portfolio.html
37,Nasdaq closes higher on Wednesday as stocks stabilize following massive sell-off,0,https://www.cnbc.com/2022/09/13/stock-market-futures-open-to-close-news.html
38,Stocks like Nike and McDonald's are well placed in a tough economy,1,https://www.cnbc.com/2022/07/30/stocks-like-nike-and-mcdonalds-are-well-placed-in-a-tough-economy.html
39,Nike (NKE) earnings Q4 2022 earnings ,1,https://www.cnbc.com/2022/06/27/nike-nke-earnings-q4-2022-earnings-.html
40,Nike shares on pace to hit record high as outlook tops expectations,1,https://www.cnbc.com/2021/06/25/nike-shares-on-pace-to-hit-record-high-as-outlook-tops-expectations.html
41,US EB-5 Immigrant Investor Program: US Golden Visa undergoes positive changes; ensures easier immigration process - The Economic Times,1,https://economictimes.indiatimes.com/nri/migrate/us-golden-visa-undergoes-positive-changes-ensures-easier-immigration-process/articleshow/94245179.cms
42,Good business performance gives Boehringer Ingelheim tailwind for investment in R&D | Business Wire,1,https://www.businesswire.com/news/home/20220405005619/en/Good-business-performance-gives-Boehringer-Ingelheim-tailwind-for-investment-in-RD
43,"Cheniere Announces Positive Final Investment Decision on the Corpus Christi Stage 3 Liquefaction Project :: Cheniere Energy, Inc. (LNG)",1,https://lngir.cheniere.com/news-events/press-releases/detail/252/cheniere-announces-positive-final-investment-decision-on
44,"With $19.5 Billion Investment, India Joins Global Race to Make Semiconductors",1,https://www.voanews.com/a/with-19-5-billion-investment-india-joins-global-race-to-make-semiconductors/6748453.html
45, Kwasi Kwarteng to announce network of low-tax investment zones | Economic policy | The Guardian,1,https://www.theguardian.com/politics/2022/sep/18/kwasi-kwarteng-to-announce-network-of-low-tax-investment-zones
46,"Globaltrans Investment's 1H Pretax Profit, Revenue Rose on Higher Prices of Sales - MarketWatch",1,https://www.marketwatch.com/story/globaltrans-investment-s-1h-pretax-profit-revenue-rose-on-higher-prices-of-sales-271663570278
47,"Investment in Africa will boost growth, revenue – UBA - Punch Newspapers",1,https://punchng.com/investment-in-africa-will-boost-growth-revenue-uba/
48,Investment in Sri Lanka apparel holds firm amid crisis,1,https://www.investmentmonitor.ai/analysis/sri-lanka-apparel-sector-investment
49,Argentina's Oldelval plans $750m investment in Vaca Muerta pipeline,1,https://www.offshore-technology.com/news/oldelval-investment-vaca-muerta/
50,"As Fed battles inflation, financial advisers brace for recession fallout",0,https://www.investmentnews.com/as-fed-battles-inflation-financial-advisers-brace-for-recession-fallout-226715
51,Bitcoin hits 3-month low as investors brace for volatility,0,https://www.investmentnews.com/bitcoin-hits-3-month-low-as-sentiment-takes-knock-from-wave-of-monetary-tightening-226706
52,Sustainable funds market to grow 150% by 2025,1,https://www.investmentnews.com/sustainable-funds-market-to-grow-150-by-2025-226324
53,Array Technologies upgraded at Piper on strong order book (NASDAQ:ARRY) | Seeking Alpha,1,https://seekingalpha.com/news/3883806-array-technologies-upgraded-at-piper-on-strong-order-book
54,"Dow Jones closes over 300 points lower, S&P, Nasdaq slide on eve of Fed decision | Seeking Alpha",0,https://seekingalpha.com/news/3884212-sp-500-nasdaq-dow-jones-stock-market?source=content_type%3Areact%7Cfirst_level_url%3Amarket-news%7Csection_asset%3Amain%7Csection%3Atop-news
55,Venator falls as BMO Capital downgrades chemical maker to Underperform (NYSE:VNTR) | Seeking Alpha,0,https://seekingalpha.com/news/3883783-venator-falls-as-bmo-capital-downgrades-chemical-maker-to-underperform?source=content_type%3Areact%7Cfirst_level_url%3Amarket-news%7Csection_asset%3Amain%7Csection%3Atop-news
56,Safe-T Group gets solution for fraud detection (NASDAQ:SFET) | Seeking Alpha,1,https://seekingalpha.com/news/3883808-safe-t-group-gets-solution-for-fraud-detection?source=content_type%3Areact%7Cfirst_level_url%3Amarket-news%7Csection_asset%3Amain
57,Apple ticks up as tech giant likely to increase iPhone 14 Pro shipment forecast: analyst | Seeking Alpha,1,https://seekingalpha.com/news/3883801-apple-ticks-up-as-tech-giant-likely-to-increase-iphone-14-pro-shipment-forecast-analyst?source=content_type%3Areact%7Cfirst_level_url%3Amarket-news%7Csection_asset%3Amain
58,"Lithium prices resume rise on strong demand, new supply challenges (NYSE:ALB) | Seeking Alpha",1,https://seekingalpha.com/news/3883797-lithium-prices-resume-rise-on-strong-demand-new-supply-challenges?source=content_type%3Areact%7Cfirst_level_url%3Amarket-news%7Csection_asset%3Amain
59,Invesco grows its fixed income ETF lineup with two new funds | Seeking Alpha,1,https://seekingalpha.com/news/3883796-invesco-grows-its-fixed-income-etf-lineup?source=content_type%3Areact%7Cfirst_level_url%3Amarket-news%7Csection_asset%3Amain
60,"EU car registrations rise in August by 4.4% Y/Y, first 2022 month of surge | Seeking Alpha",1,https://seekingalpha.com/news/3883788-eu-registrations?source=content_type%3Areact%7Cfirst_level_url%3Amarket-news%7Csection_asset%3Amain
61,"KeyBanc upgrades D.R. Horton, Lennar, Pulte, other homebuilders on sector pivot (NYSE:TOL) | Seeking Alpha",1,https://seekingalpha.com/news/3883792-keybanc-upgrades-dr-horton-lennar-pulte-others-on-homebuilding-sector-pivot?source=content_type%3Areact%7Cfirst_level_url%3Amarket-news%7Csection_asset%3Amain
62,Travel stocks tick higher as major indices emerge from selloff (NASDAQ:AAL) | Seeking Alpha,1,https://seekingalpha.com/news/3883787-travel-stocks-tick-higher-as-major-indices-emerge-from-selloff?source=content_type%3Areact%7Cfirst_level_url%3Amarket-news%7Csection_asset%3Amain
63,Nike leads the Dow as investors prep for earnings next week (NYSE:NKE) | Seeking Alpha,1,https://seekingalpha.com/news/3883790-nike-leads-the-dow-as-investors-prep-for-earnings-next-week?source=content_type%3Areact%7Cfirst_level_url%3Amarket-news%7Csection_asset%3Amain
64,Shell resumes LNG loadings at Prelude floating LNG facility (NYSE:SHEL) | Seeking Alpha,1,https://seekingalpha.com/news/3883789-shell-resumes-lng-loadings-at-prelude-floating-lng-facility?source=content_type%3Areact%7Cfirst_level_url%3Amarket-news%7Csection_asset%3Amain
65,Reborn Coffee looks to bounce off its IPO low | Seeking Alpha,1,https://seekingalpha.com/news/3883784-reborn-coffee-looks-to-bounce-off-its-ipo-low?source=content_type%3Areact%7Cfirst_level_url%3Amarket-news%7Csection_asset%3Amain
66,Royal Caribbean stock rises as Stifel raises booking expectations (NYSE:RCL) | Seeking Alpha,1,https://seekingalpha.com/news/3883779-royal-caribbean-stock-rises-as-stifel-raises-booking-expectations?source=content_type%3Areact%7Cfirst_level_url%3Amarket-news%7Csection_asset%3Amain
67,Sunnova Energy moves into commercial solar sector (NYSE:NOVA) | Seeking Alpha,1,https://seekingalpha.com/news/3883774-sunnova-energy-moves-into-commercial-solar-sector?source=content_type%3Areact%7Cfirst_level_url%3Amarket-news%7Csection_asset%3Amain
68,Hilton signs hospitality agreement with Voyager Starlab - CNBC (NYSE:HLT) | Seeking Alpha,1,https://seekingalpha.com/news/3883769-hilton-signs-hospitality-agreement-with-voyager-starlab-cnbc?source=content_type%3Areact%7Cfirst_level_url%3Amarket-news%7Csection_asset%3Amain
69,"Purple may see other bidders, Coliseum will likely have to raise offer - analyst | Seeking Alpha",1,https://seekingalpha.com/news/3883767-purple-may-see-other-bidders-coliseum-will-likely-have-to-raise-offer-analyst?source=content_type%3Areact%7Cfirst_level_url%3Amarket-news%7Csection_asset%3Amain
70,Innovative Industrial Properties stock gains after Compass Point upgrade (NYSE:IIPR) | Seeking Alpha,1,https://seekingalpha.com/news/3883766-innovative-industrial-properties-stock-gains-after-compass-point-upgrade?source=content_type%3Areact%7Cfirst_level_url%3Amarket-news%7Csection_asset%3Amain
71,Gevo climate project selected for potential $30M funding by USDA (NASDAQ:GEVO) | Seeking Alpha,1,https://seekingalpha.com/news/3883764-gevo-climate-project-selected-for-potential-30m-funding-by-usda?source=content_type%3Areact%7Cfirst_level_url%3Amarket-news%7Csection_asset%3Amain
72,10-year Treasury yield rally slows after hitting highest since 2011 as Fed day nears | Seeking Alpha,0,https://seekingalpha.com/news/3883720-10-year-treasury-yield-reaches-highest-since-2011-ahead-of-feds-rate-decision?source=content_type%3Areact%7Cfirst_level_url%3Amarket-news%7Csection_asset%3Amain
73,Purple stock surges 32% after holder Coliseum Capital offers to buy for $4.35/share | Seeking Alpha,1,https://seekingalpha.com/news/3883663-purple-surges-28-after-holder-coliseum-capital-offers-to-buy-for-435share?source=content_type%3Areact%7Cfirst_level_url%3Amarket-news%7Csection_asset%3Amain5 -0
74,"Delta CFO touts strong travel demand, targets debt reduction in WSJ interview (NYSE:DAL) | Seeking Alpha",1,https://seekingalpha.com/news/3883669-delta-cfo-touts-still-strong-travel-demand-targets-debt-reduction-in-wsj-interview?source=content_type%3Areact%7Cfirst_level_url%3Amarket-news%7Csection_asset%3Amain
75,KKR invests $450M in Hero Future Energies | Seeking Alpha,1,https://seekingalpha.com/news/3884146-kkr-invests-450m-in-hero-future-energies?source=content_type%3Areact%7Cfirst_level_url%3Amarket-news%7Csection_asset%3Amain
76,Virios Therapeutics stock slides on pricing $5.0M stock offering (NASDAQ:VIRI) | Seeking Alpha,0,https://seekingalpha.com/news/3884144-virios-therapeutics-stock-slides-on-pricing-50m-stock-offering?source=content_type%3Areact%7Cfirst_level_url%3Amarket-news%7Csection_asset%3Amain
77,Quorum announces sale of advantage complete DMS software | Seeking Alpha,1,https://seekingalpha.com/news/3884120-quorum-announces-sale-of-advantage-complete-dms-software?source=content_type%3Areact%7Cfirst_level_url%3Amarket-news%7Csection_asset%3Amain
78,"Nvidia falls even as it unveils new high-end RTX, GeForce graphics cards at GTC event | Seeking Alpha",1,https://seekingalpha.com/news/3884440-nvidia-rises-as-chip-giant-unveils-new-high-end-rtx-geforce-graphics-cards-at-gtc-event?source=content_type%3Areact%7Cfirst_level_url%3Amarket-news%7Csection_asset%3Amain
79,Bitcoin stays under 2017 bull market peak as traders await Fed rate decision | Seeking Alpha,0,https://seekingalpha.com/news/3884439-bitcoin-struggles-to-exceed-2017-bull-market-peak-as-traders-await-fed-rate-decision?source=content_type%3Areact%7Cfirst_level_url%3Amarket-news%7Csection_asset%3Amain
80,Shuttle stock falls 10% amid manufacturing contract for ropidoxuridine with TCG | Seeking Alpha,0,https://seekingalpha.com/news/3884434-shuttle-stock-falls-amid-manufacturing-contract-for-ropidoxuridine-with-tcg?source=content_type%3Areact%7Cfirst_level_url%3Amarket-news%7Csection_asset%3Amain
81,TotalEnergies eyes additional gas investment in Qatar - Bloomberg (NYSE:TTE) | Seeking Alpha,1,https://seekingalpha.com/news/3884432-totalenergies-eyes-additional-gas-investment-in-qatar-bloomberg?source=content_type%3Areact%7Cfirst_level_url%3Amarket-news%7Csection_asset%3Amain
82,Apple erases losses as analyst suggests it could offer positive outlook due to iPhone mix | Seeking Alpha,0,https://seekingalpha.com/news/3884413-apple-erases-losses-as-analyst-suggests-it-could-offer-positive-outlook-due-to-iphone-mix?source=content_type%3Areact%7Cfirst_level_url%3Amarket-news%7Csection_asset%3Amain
83,Satsuma stock rises as migraine therapy STS101 shows safety in phase 3 trial | Seeking Alpha,0,https://seekingalpha.com/news/3884412-satsuma-stock-rises-as-migraine-therapy-sts101-shows-safety-in-phase-3-trial?source=content_type%3Areact%7Cfirst_level_url%3Amarket-news%7Csection_asset%3Amain
84,NTT Data to acquire MuleSoft consulting firm Apisero | Seeking Alpha,1,https://seekingalpha.com/news/3884400-ntt-data-to-acquire-mulesoft-consulting-firm-apisero?source=content_type%3Areact%7Cfirst_level_url%3Amarket-news%7Csection_asset%3Amain
85,Yara set to stop production at Belgian fertilizer plant in coming days (OTCMKTS:YARIY) | Seeking Alpha,0,https://seekingalpha.com/news/3884399-yara-set-to-stop-production-at-belgian-fertilizer-plant-in-coming-days?source=content_type%3Areact%7Cfirst_level_url%3Amarket-news%7Csection_asset%3Amain
86,Pagaya Tech shares slump almost 60% as company files for new stock sale | Seeking Alpha,0,https://seekingalpha.com/news/3884391-pagaya-tech-shares-slump-almost-60-as-company-files-for-new-stock-sale?source=content_type%3Areact%7Cfirst_level_url%3Amarket-news%7Csection_asset%3Amain
87,Corphousing acquires rights to 217 units in downtown Manhattan (NASDAQ:CHG) | Seeking Alpha,1,https://seekingalpha.com/news/3884375-corphousing-acquires-rights-to-217-units-in-downtown-manhattan?source=content_type%3Areact%7Cfirst_level_url%3Amarket-news%7Csection_asset%3Amain
88,"Apple slips even as Wedbush notes iPhone 14 seeing 'brisk sales,' wait times widening | Seeking Alpha",0,https://seekingalpha.com/news/3884372-apple-slips-even-as-wedbush-notes-iphone-14-seeing-brisk-sales-wait-times-widening?source=content_type%3Areact%7Cfirst_level_url%3Amarket-news%7Csection_asset%3Amain
89,Iron Mountain shares slide after unveiling Project Matterhorn growth targets (NYSE:IRM) | Seeking Alpha,0,https://seekingalpha.com/news/3884435-iron-mountain-shares-slide-after-unveiling-project-matterhorn-growth-targets?source=content_type%3Areact%7Cfirst_level_url%3Amarket-news%7Csection_asset%3Amain%7Csection%3Atrending
90,Trump SPAC Digital World stock sinks 17% amid deal financing deadline  (NASDAQ:DWAC) | Seeking Alpha,0,https://seekingalpha.com/news/3884487-trump-spac-digital-world-sinks-10-amid-deal-financing-deadline-potential-dilution-report?source=content_type%3Areact%7Cfirst_level_url%3Amarket-news%7Csection_asset%3Amain%7Csection%3Atechnology
91,Semiconductors resume their decline as Nvidia unveils several new GPUs (NASDAQ:NVDA) | Seeking Alpha,0,https://seekingalpha.com/news/3884525-semiconductors-resume-their-decline-as-nvidia-unveils-several-new-gpus?source=content_type%3Areact%7Cfirst_level_url%3Amarket-news%7Csection_asset%3Amain%7Csection%3Atechnology
92,"Ibex continues expansion in Central America, hiring 500 employees in Nicaragua | Seeking Alpha",1,https://seekingalpha.com/news/3884422-ibex-continues-expansion-in-central-america-hiring-500-employees-in-nicaragua?source=content_type%3Areact%7Cfirst_level_url%3Amarket-news%7Csection_asset%3Amain%7Csection%3Atechnology
93,"U.S. crude stockpiles rose by 1.03M barrels last week, API says (NYSEARCA:USO) | Seeking Alpha",1,https://seekingalpha.com/news/3884619-us-crude-stockpiles-rose-by-103m-barrels-last-week-api-says?source=content_type%3Areact%7Cfirst_level_url%3Amarket-news%7Csection_asset%3Amain%7Csection%3Aenergy
94,Boeing to slash nearly 150 finance jobs in US | Seeking Alpha,0,https://seekingalpha.com/news/3884685-boeing-to-slash-nearly-150-finance-jobs-in-us?source=content_type%3Areact%7Cfirst_level_url%3Amarket-news%7Csection_asset%3Amain
95,Asia-Pacific markets lower following Wall Streetâs negative lead ahead of the Fed expected | Seeking Alpha,0,https://seekingalpha.com/news/3884648-asia-pacific-markets-lower-following-wall-streets-negative-lead-ahead-of-the-fed-expected-rate-hike?source=content_type%3Areact%7Cfirst_level_url%3Amarket-news%7Csection_asset%3Amain
96,Aurora Cannabis FQ4 net loss widens 362% on impairment charges (NASDAQ:ACB) | Seeking Alpha,0,https://seekingalpha.com/news/3884628-aurora-cannabis-fq4-net-loss-widens-362-on-impairment-charges?source=content_type%3Areact%7Cfirst_level_url%3Amarket-news%7Csection_asset%3Amain
97,"Pizza stocks are struggling with inflation headwinds, soft demand in the mix | Seeking Alpha",0,https://seekingalpha.com/news/3884497-pizza-stocks-are-struggling-with-inflation-headwinds-soft-demand-in-the-mix?source=content_type%3Areact%7Cfirst_level_url%3Amarket-news%7Csection_asset%3Amain
98,UK's Micro Focus shares nearly double after Canada's OpenText agrees $6 bln takeover | Reuters,1,https://www.reuters.com/markets/deals/canadas-opentext-buy-software-firm-micro-focus-6-bln-deal-2022-08-25/
99,Indian shares gain as bank stocks rise; central bank rate increases in focus | Reuters,0,https://www.reuters.com/markets/europe/indian-shares-flat-await-global-cenbank-rate-decisions-2022-09-19/
100,Air Canada to buy 30 electric planes from Heart Aerospace | Reuters,1,https://www.reuters.com/business/aerospace-defense/air-canada-buy-30-electric-planes-heart-aerospace-2022-09-15/
101,Sale of Lufthansa Technik stake draws interest from financial investors - source | Reuters,0,https://www.reuters.com/business/aerospace-defense/lufthansa-plans-discuss-lufthansa-technik-partial-sale-handelsblatt-2022-09-15/
102,WHO 'strongly advises against' use of two COVID treatments | Reuters,0,https://www.reuters.com/business/healthcare-pharmaceuticals/who-strongly-advises-against-use-two-covid-treatments-2022-09-15/
103,AMP handed $9.7 million penalty for charging pensioners 'fees for no service' | Reuters,0,https://www.reuters.com/business/finance/australias-amp-handed-97-mln-penalty-fee-related-breaches-2022-09-20/
104,Canada home prices post record monthly decline in August -Teranet | Reuters,0,https://www.reuters.com/markets/us/canada-home-prices-post-record-monthly-decline-august-teranet-2022-09-20/
105,Virios Therapeutics stock slides on pricing $5.0M stock offering (NASDAQ:VIRI) | Seeking Alpha,0,https://seekingalpha.com/news/3884144-virios-therapeutics-stock-slides-on-pricing-50m-stock-offering?source=content_type%3Areact%7Cfirst_level_url%3Amarket-news%7Csection_asset%3Amain%7Csection%3Ahealthcare
106,Change Healthcare jumps after judge denies DOJ request to block UnitedHealth deal | Seeking Alpha,0,https://seekingalpha.com/news/3884119-change-healthcare-jumps-after-judge-denies-doj-request-to-block-unitedhealth-deal?source=content_type%3Areact%7Cfirst_level_url%3Amarket-news%7Csection_asset%3Amain%7Csection%3Ahealthcare
107,Akero Therapeutics announces closing of upsized public offering | Seeking Alpha,0,https://seekingalpha.com/news/3884086-akero-therapeutics-announces-closing-of-upsized-public-offering?source=content_type%3Areact%7Cfirst_level_url%3Amarket-news%7Csection_asset%3Amain%7Csection%3Ahealthcare
108,Sotera Health stock plunges 32% after jury awards $363M against its Sterigenics unit | Seeking Alpha,0,https://seekingalpha.com/news/3883854-sotera-health-plunges-after-jury-awards-363m-against-its-sterigenics-unit?source=content_type%3Areact%7Cfirst_level_url%3Amarket-news%7Csection_asset%3Amain%7Csection%3Ahealthcare
109,Bio-Rad Laboratories hits 52-week low; down 40% YTD (NYSE:BIO) | Seeking Alpha,0,https://seekingalpha.com/news/3884072-bio-rad-laboratories-hits-52-week-low-down-40-ytd?source=content_type%3Areact%7Cfirst_level_url%3Amarket-news%7Csection_asset%3Amain%7Csection%3Ahealthcare
110,"Optimus Healthcare Services names John P. Sganga as Chairman, CEO (OTCMKTS:OHCS) | Seeking Alpha",1,https://seekingalpha.com/news/3883725-optimus-healthcare-services-names-john-p-sganga-as-chairman-ceo?source=content_type%3Areact%7Cfirst_level_url%3Amarket-news%7Csection_asset%3Amain%7Csection%3Ahealthcare
111,McKesson to acquire Rx Savings Solutions in $875M deal (NYSE:MCK) | Seeking Alpha,1,https://seekingalpha.com/news/3883724-mckesson-to-acquire-rx-savings-solutions-in-875m-deal?source=content_type%3Areact%7Cfirst_level_url%3Amarket-news%7Csection_asset%3Amain%7Csection%3Ahealthcare
112,"AlerisLife appoints Heather Pereira as senior VP, CFO and Treasurer | Seeking Alpha",1,https://seekingalpha.com/news/3883705-alerislife-appoints-heather-pereira-as-senior-vp-cfo-and-treasurer?source=content_type%3Areact%7Cfirst_level_url%3Amarket-news%7Csection_asset%3Amain%7Csection%3Ahealthcare
113,BioLineRx stock slips on $15M securities offering | Seeking Alpha,0,https://seekingalpha.com/news/3883702-biolinerx-stock-slips-on-15m-securities-offering?source=content_type%3Areact%7Cfirst_level_url%3Amarket-news%7Csection_asset%3Amain%7Csection%3Ahealthcare
114,Sharecare awarded three-year NCQA accreditation for wellness and health promotion (NASDAQ:SHCR) | Seeking Alpha,1,https://seekingalpha.com/news/3883686-sharecare-awarded-three-year-ncqa-accreditation-for-wellness-and-health-promotion?source=content_type%3Areact%7Cfirst_level_url%3Amarket-news%7Csection_asset%3Amain%7Csection%3Ahealthcare
115,Icanic Brands to acquire retailer The Leaf at 73740 | Seeking Alpha,1,https://seekingalpha.com/news/3883683-icanic-brands-to-acquire-retailer-the-leaf-at-73740?source=content_type%3Areact%7Cfirst_level_url%3Amarket-news%7Csection_asset%3Amain%7Csection%3Ahealthcare
116,Agios appoints Cecilia Jones as finance chief | Seeking Alpha,1,https://seekingalpha.com/news/3883673-agios-appoints-cecilia-jones-as-finance-chief?source=content_type%3Areact%7Cfirst_level_url%3Amarket-news%7Csection_asset%3Amain%7Csection%3Ahealthcare
117,Intellia falls as analysts react to CRISPR readouts (NASDAQ:NTLA) | Seeking Alpha,0,https://seekingalpha.com/news/3883494-intellia-falls-as-analysts-react-to-crispr-readouts
118,MRNA stock lead selloff in COVID-vaccine makers as Biden says pandemic over (NASDAQ:MRNA) | Seeking Alpha,0,https://seekingalpha.com/news/3883793-mrna-stock-lead-selloff-covid-vaccine-makers-biden-says-pandemic-over?source=content_type%3Areact%7Cfirst_level_url%3Amarket-news%7Csection_asset%3Amain%7Csection%3Ahealthcare
119,Sotera Health trading resumes after volatility halt; shares down 20% (NASDAQ:SHC) | Seeking Alpha,1,https://seekingalpha.com/news/3883868-sotera-health-trading-resumes-after-volatility-halt-shares-down-20?source=content_type%3Areact%7Cfirst_level_url%3Amarket-news%7Csection_asset%3Amain%7Csection%3Ahealthcare
120,Aurinia Pharmaceuticals wins European approval of Lupkynis for lupus (NASDAQ:AUPH) | Seeking Alpha,1,https://seekingalpha.com/news/3883807-aurinia-pharmaceuticals-wins-european-approval-of-lupkynis-for-lupus?source=content_type%3Areact%7Cfirst_level_url%3Amarket-news%7Csection_asset%3Amain%7Csection%3Ahealthcare
121,Shockwave Medical initiates all-female coronary IVL study | Seeking Alpha,1,https://seekingalpha.com/news/3883798-shockwave-medical-initiates-all-female-coronary-ivl-study?source=content_type%3Areact%7Cfirst_level_url%3Amarket-news%7Csection_asset%3Amain%7Csection%3Ahealthcare
122,Innovative Industrial Properties stock gains after Compass Point upgrade (NYSE:IIPR) | Seeking Alpha,1,https://seekingalpha.com/news/3883766-innovative-industrial-properties-stock-gains-after-compass-point-upgrade?source=content_type%3Areact%7Cfirst_level_url%3Amarket-news%7Csection_asset%3Amain%7Csection%3Ahealthcare
123,"Adhera Therapeutics announces CEO, senior management changes, plans for NASDAQ uplist | Seeking Alpha",1,https://seekingalpha.com/news/3883760-adhera-therapeutics-gains-on-announcing-ceo-senior-management-changes-plans-for-nasdaq-uplist?source=content_type%3Areact%7Cfirst_level_url%3Amarket-news%7Csection_asset%3Amain%7Csection%3Ahealthcare
124,Coherus to launch its biosimilar to Roche's eye disorder drug Lucentis in U.S. on Oct. 3 | Seeking Alpha,1,https://seekingalpha.com/news/3883758-coherus-to-launch-its-biosimilar-to-roches-eye-disorder-drug-lucentis-in-us-on-oct-3?source=content_type%3Areact%7Cfirst_level_url%3Amarket-news%7Csection_asset%3Amain%7Csection%3Ahealthcare
125,Aptevo Therapeutics receives approval to begin human trial of solid tumor therapy (APVO) | Seeking Alpha,1,https://seekingalpha.com/news/3883756-aptevo-therapeutics-receives-approval-to-begin-human-trial-of-solid-tumor-therapy?source=content_type%3Areact%7Cfirst_level_url%3Amarket-news%7Csection_asset%3Amain%7Csection%3Ahealthcare
126,BioLineRx stock slips on $15M securities offering | Seeking Alpha,0,https://seekingalpha.com/news/3883702-biolinerx-stock-slips-on-15m-securities-offering?source=content_type%3Areact%7Cfirst_level_url%3Amarket-news%7Csection_asset%3Amain%7Csection%3Ahealthcare
127,Genfit to acquire Swiss-based Versantis in liver diseases biotech  (NASDAQ:GNFT) | Seeking Alpha,1,https://seekingalpha.com/news/3883698-genfit-to-acquire-swiss-based-versantis-focused-on-liver-diseases?source=content_type%3Areact%7Cfirst_level_url%3Amarket-news%7Csection_asset%3Amain%7Csection%3Ahealthcare
128,Neurostimulation device maker Nexalin stock drops 51% following $10M IPO (NASDAQ:NXL) | Seeking Alpha,0,https://seekingalpha.com/news/3883502-neurostimulation-device-maker-nexalin-stock-drops-following-10m-ipo?source=content_type%3Areact%7Cfirst_level_url%3Amarket-news%7Csection_asset%3Amain%7Csection%3Ahealthcare
129,Democratic lawmakers turn up pressure to get marijuana banking reform passed (TCNNF) | Seeking Alpha,0,https://seekingalpha.com/news/3883125-democratic-lawmakers-turn-up-pressure-to-get-marijuana-banking-reform-passed
130,Rhythm Pharmaceuticals stock slides on pricing stock offering at $26.00/share | Seeking Alpha,0,https://seekingalpha.com/news/3882903-rhythm-pharmaceuticals-stock-slides-on-pricing-stock-offering-at-2600share?source=content_type%3Areact%7Cfirst_level_url%3Amarket-news%7Csection_asset%3Amain%7Csection%3Ahealthcare
131,"Danaher stock rises 4.5% on revenue growth guidance, plan to spin off segment | Seeking Alpha",1,https://seekingalpha.com/news/3882852-danaher-stock-rises-45-on-revenue-growth-guidance-plan-to-spin-off-segment?source=content_type%3Areact%7Cfirst_level_url%3Amarket-news%7Csection_asset%3Amain%7Csection%3Ahealthcare
132,"CVS buys Signify Health for $30.50/share, expanding reach in home healthcare (NYSE:CVS) | Seeking Alpha",1,https://seekingalpha.com/news/3880259-cvs-to-buy-signify-health-for-3050share?source=content_type%3Areact%7Cfirst_level_url%3Amarket-news%7Csection_asset%3Amain%7Csection%3Am-a
133,"BridgeBio, Sentynl's Nulibry for rare disorder in children gets approval in EU | Seeking Alpha",1,https://seekingalpha.com/news/3884367-bridgebio-sentynls-nulibry-for-rare-disorder-in-children-get-approval-in-eu?source=content_type%3Areact%7Cfirst_level_url%3Amarket-news%7Csection_asset%3Amain
134,Humana upgraded to overweight at Morgan Stanley on improve Medicare Advantage positioning | Seeking Alpha,1,https://seekingalpha.com/news/3884443-humana-upgraded-to-overweight-at-morgan-stanley-on-improved-medicare-advantage-positioning?source=content_type%3Areact%7Cfirst_level_url%3Amarket-news%7Csection_asset%3Amain%7Csection%3Ahealthcare
135,Shuttle stock falls 10% amid manufacturing contract for ropidoxuridine with TCG | Seeking Alpha,0,https://seekingalpha.com/news/3884434-shuttle-stock-falls-amid-manufacturing-contract-for-ropidoxuridine-with-tcg?source=content_type%3Areact%7Cfirst_level_url%3Amarket-news%7Csection_asset%3Amain%7Csection%3Ahealthcare
136,Change Healthcare gains after judge denies DOJ block of UNH; DOJ evaluating next steps | Seeking Alpha,1,https://seekingalpha.com/news/3884279-change-healthcare-gains-after-judge-denies-doj-block-of-unh-deal-doj-evaluating-next-steps?source=content_type%3Areact%7Cfirst_level_url%3Amarket-news%7Csection_asset%3Amain%7Csection%3Ahealthcare
137,Satsuma stock rises as migraine therapy STS101 shows safety in phase 3 trial | Seeking Alpha,1,https://seekingalpha.com/news/3884412-satsuma-stock-rises-as-migraine-therapy-sts101-shows-safety-in-phase-3-trial?source=content_type%3Areact%7Cfirst_level_url%3Amarket-news%7Csection_asset%3Amain%7Csection%3Ahealthcare
138,FDA warns of potential cybersecurity risk for a Medtronic insulin pump system | Seeking Alpha,0,https://seekingalpha.com/news/3884475-fda-warns-of-potential-cybersecurity-risk-for-a-medtronic-insulin-pump-system?source=content_type%3Areact%7Cfirst_level_url%3Amarket-news%7Csection_asset%3Amain%7Csection%3Atrending
139,Why did Change Healthcare stock jump? Won court approval for UnitedHealth deal | Seeking Alpha,1,https://seekingalpha.com/news/3884635-why-did-change-healthcare-stock-jump-won-court-approval-for-unitedhealth-deal?source=content_type%3Areact%7Cfirst_level_url%3Amarket-news%7Csection_asset%3Amain%7Csection%3Ahealthcare
140,"Bitcoin falls below $19K, marking a 3-month trading low | Seeking Alpha",0,https://seekingalpha.com/news/3883649-bitcoin-falls-below-19k-marking-a-3-month-trading-low?source=content_type%3Areact%7Cfirst_level_url%3Amarket-news%7Csection_asset%3Amain%7Csection%3Acrypto
141,Ecoark says HUMBL acquisition of Agora Digital terminated | Seeking Alpha,0,https://seekingalpha.com/news/3883537-ecoark-says-humbl-acquisition-of-agora-digital-terminated?source=content_type%3Areact%7Cfirst_level_url%3Amarket-news%7Csection_asset%3Amain%7Csection%3Acrypto
142,"El Salvador, the first to make bitcoin legal tender, debt rating cut again at Fitch | Seeking Alpha",1,https://seekingalpha.com/news/3883536-el-salvador-the-first-to-make-bitcoin-legal-tender-debt-rating-cut-again-at-fitch?source=content_type%3Areact%7Cfirst_level_url%3Amarket-news%7Csection_asset%3Amain%7Csection%3Acrypto
143,"BigCommerce teams up with BitPay, CoinPayments to launch crypto payments for merchants | Seeking Alpha",1,https://seekingalpha.com/news/3883294-bigcommerce-teams-up-with-bitpay-coinpayments-to-launch-crypto-payments-for-merchants?source=content_type%3Areact%7Cfirst_level_url%3Amarket-news%7Csection_asset%3Amain%7Csection%3Acrypto
144,"Bitcoin, ether, crypto-focused stocks slide as investors digest raft of economic data | Seeking Alpha",0,https://seekingalpha.com/news/3883140-bitcoin-ether-crypto-focused-stocks-slide-as-investors-digest-raft-of-economic-data?source=content_type%3Areact%7Cfirst_level_url%3Amarket-news%7Csection_asset%3Amain%7Csection%3Acrypto
145,DoubleLine's Gundlach sees the S&P 500 falling 20%-25%  (SP500) | Seeking Alpha,0,https://seekingalpha.com/news/3882498-doublelines-gundlach-sees-the-sp-500-falling-20-25?source=content_type%3Areact%7Cfirst_level_url%3Amarket-news%7Csection_asset%3Amain%7Csection%3Acrypto
146,Robinhood CEO says bitcoin most popular recurring investment on platform (NASDAQ:HOOD) | Seeking Alpha,1,https://seekingalpha.com/news/3882426-robinhood-ceo-says-bitcoin-most-popular-recurring-investment-on-platform?source=content_type%3Areact%7Cfirst_level_url%3Amarket-news%7Csection_asset%3Amain%7Csection%3Acrypto
147,Blockchain.com wins provisional regulatory approval to operate in Dubai | Seeking Alpha,1,https://seekingalpha.com/news/3881728-blockchaincom-wins-provisional-regulatory-approval-to-operate-in-dubai-report?source=content_type%3Areact%7Cfirst_level_url%3Amarket-news%7Csection_asset%3Amain%7Csection%3Acrypto
148,"Bitcoin surges back to above $20K as stock market climbs, dollar rally stalls | Seeking Alpha",1,https://seekingalpha.com/news/3881642-bitcoin-surges-back-above-20k-as-stock-index-futures-climb-dollar-rally-stalls?source=content_type%3Areact%7Cfirst_level_url%3Amarket-news%7Csection_asset%3Amain%7Csection%3Acrypto
149,"Coinbase stock climbs as Daiwa upgrades to Buy, citing ether-Merge tailwinds (NASDAQ:COIN) | Seeking Alpha",1,https://seekingalpha.com/news/3881600-coinbase-stock-climbs-as-daiwa-upgrades-to-buy-citing-ether-merge-tailwinds?source=content_type%3Areact%7Cfirst_level_url%3Amarket-news%7Csection_asset%3Amain%7Csection%3Acrypto
150,Coinbase backs lawsuit filed against Treasury after Tornado Cash sanctions (NASDAQ:COIN) | Seeking Alpha,0,https://seekingalpha.com/news/3881278-coinbase-backs-lawsuit-filed-against-treasury-after-tornado-cash-sanctions?source=content_type%3Areact%7Cfirst_level_url%3Amarket-news%7Csection_asset%3Amain%7Csection%3Acrypto
151,"Crypto miner Bit Digital earned 145.3 Bitcoins in August, up 2% M/M (NASDAQ:BTBT) | Seeking Alpha",1,https://seekingalpha.com/news/3881065-crypto-miner-bit-digital-earned-1453-bitcoins-in-august-up-2-mm?source=content_type%3Areact%7Cfirst_level_url%3Amarket-news%7Csection_asset%3Amain%7Csection%3Acrypto
152,"Bitcoinâs market cap falls below $1 Trillion, as the digital token flirts with YTD lows | Seeking Alpha",0,https://seekingalpha.com/news/3880727-bitcoins-market-cap-falls-below-1-trillion-as-the-digital-token-flirts-with-ytd-lows?source=content_type%3Areact%7Cfirst_level_url%3Amarket-news%7Csection_asset%3Amain%7Csection%3Acrypto
153,"Riot Blockchain reduces bitcoin production in August, reducing power costs (NASDAQ:RIOT) | Seeking Alpha",0,https://seekingalpha.com/news/3880605-riot-blockchain-reduces-bitcoin-production-in-august-reducing-power-costs?source=content_type%3Areact%7Cfirst_level_url%3Amarket-news%7Csection_asset%3Amain%7Csection%3Acrypto
154,"Short-bitcoin investment products see record inflows amid market slump, report shows | Seeking Alpha",1,https://seekingalpha.com/news/3880561-short-bitcoin-investment-products-see-record-inflows-amid-market-slump-report-shows?source=content_type%3Areact%7Cfirst_level_url%3Amarket-news%7Csection_asset%3Amain%7Csection%3Acrypto
155,"Bitcoin slides after Powell's Jackson Hole speech, crypto market cap back to under $1T | Seeking Alpha",0,https://seekingalpha.com/news/3877149-bitcoin-slides-after-powells-jackson-hole-speech-crypto-market-cap-back-to-under-1t?source=content_type%3Areact%7Cfirst_level_url%3Amarket-news%7Csection_asset%3Amain%7Csection%3Acrypto
156,South Korea is said to explore taxing recipients of crypto airdrops | Seeking Alpha,1,https://seekingalpha.com/news/3875507-south-korea-is-said-to-explore-taxing-recipients-of-crypto-airdrops?source=content_type%3Areact%7Cfirst_level_url%3Amarket-news%7Csection_asset%3Amain%7Csection%3Acrypto
157,"Bitcoin falls toward $21K, pulling down Hut 8, Marathon Digital, Riot shares (NASDAQ:BITF) | Seeking Alpha",0,https://seekingalpha.com/news/3874991-bitcoin-falls-toward-21k-pulling-down-hut-8-marathon-digital-riot-shares?source=content_type%3Areact%7Cfirst_level_url%3Amarket-news%7Csection_asset%3Amain%7Csection%3Acrypto
158,Bitcoin dips as Fed minutes reveal downside risks from rate hikes (Cryptocurrency:BTC-USD) | Seeking Alpha,0,https://seekingalpha.com/news/3874305-bitcoin-in-the-red-as-fed-minutes-reveal-downside-risks-from-rate-hike-campaign?source=content_type%3Areact%7Cfirst_level_url%3Amarket-news%7Csection_asset%3Amain%7Csection%3Acrypto
159,Apple raising app store prices in Europe and Asia next month (NASDAQ:AAPL) | Seeking Alpha,0,https://seekingalpha.com/news/3884211-apple-raising-app-store-prices-in-europe-and-asia-next-month?source=content_type%3Areact%7Cfirst_level_url%3Amarket-news%7Csection_asset%3Amain%7Csection%3Atechnology
160,Musk seeks sanctions exemption to bring satellite internet to Iran (Private:STRLK) | Seeking Alpha,1,https://seekingalpha.com/news/3884203-musk-seeks-sanctions-exemption-to-bring-satellite-internet-to-iran?source=content_type%3Areact%7Cfirst_level_url%3Amarket-news%7Csection_asset%3Amain%7Csection%3Atechnology
161,Sony's 'Woman King' surpasses forecasts with $19M at box office (NYSE:SONY) | Seeking Alpha,1,https://seekingalpha.com/news/3884133-sonys-woman-king-surpasses-forecasts-with-19m-at-box-office?source=content_type%3Areact%7Cfirst_level_url%3Amarket-news%7Csection_asset%3Amain%7Csection%3Atechnology
162,"Take-Two's 'Grand Theft Auto' leak doesn't mean catastrophe, analysts say (NASDAQ:TTWO) | Seeking Alpha",0,https://seekingalpha.com/news/3884132-take-twos-grand-theft-auto-leak-doesnt-mean-catastrophe-analysts?source=content_type%3Areact%7Cfirst_level_url%3Amarket-news%7Csection_asset%3Amain%7Csection%3Atechnology
163,Startek stock drops after holder CSP Management formally withdraws bid (NYSE:SRT) | Seeking Alpha,0,https://seekingalpha.com/news/3884131-startek-drops-after-holder-csp-management-formally-withdraws-bid?source=content_type%3Areact%7Cfirst_level_url%3Amarket-news%7Csection_asset%3Amain%7Csection%3Atechnology
164,Former Twitter CEO Dorsey faces Tuesday deposition in Musk case (NYSE:TWTR) | Seeking Alpha,0,https://seekingalpha.com/news/3884115-former-twitter-ceo-dorsey-faces-tuesday-deposition-in-musk-case?source=content_type%3Areact%7Cfirst_level_url%3Amarket-news%7Csection_asset%3Amain%7Csection%3Atechnology
165,Zendesk stockholders approve merger with consortium | Seeking Alpha,1,https://seekingalpha.com/news/3884093-zendesk-stockholders-approve-merger-with-consortium?source=content_type%3Areact%7Cfirst_level_url%3Amarket-news%7Csection_asset%3Amain%7Csection%3Atechnology
166,"Apple's satellite phone ambitions may mean new users, boon for Globalstar - FT (NYSE:GSAT) | Seeking Alpha",1,https://seekingalpha.com/news/3884048-apples-satellite-phone-ambitions-could-mean-new-users-boon-for-globalstar-ft?source=content_type%3Areact%7Cfirst_level_url%3Amarket-news%7Csection_asset%3Amain%7Csection%3Atechnology
167,Apple ticks up as tech giant likely to increase iPhone 14 Pro shipment forecast: analyst | Seeking Alpha,1,https://seekingalpha.com/news/3883801-apple-ticks-up-as-tech-giant-likely-to-increase-iphone-14-pro-shipment-forecast-analyst?source=content_type%3Areact%7Cfirst_level_url%3Amarket-news%7Csection_asset%3Amain%7Csection%3Atechnology
168,Sea Limited cutting 3% of Shopee workers in Indonesia (NYSE:SE) | Seeking Alpha,0,https://seekingalpha.com/news/3883785-sea-limited-cutting-3-of-shopee-workers-in-indonesia?source=content_type%3Areact%7Cfirst_level_url%3Amarket-news%7Csection_asset%3Amain%7Csection%3Atechnology
169,Creatd stock slips on $800K shelf offering | Seeking Alpha,0,https://seekingalpha.com/news/3883771-creatd-stock-slips-on-800k-shelf-offering?source=content_type%3Areact%7Cfirst_level_url%3Amarket-news%7Csection_asset%3Amain%7Csection%3Atechnology
170,Security stocks expected to gain more strength as network breaches continue | Seeking Alpha,1,https://seekingalpha.com/news/3883527-security-stocks-expected-to-gain-more-strength-as-network-breaches-continue?source=content_type%3Areact%7Cfirst_level_url%3Amarket-news%7Csection_asset%3Amain%7Csection%3Atechnology
171,"Communications stocks dive for week, and Meta finds 3.5-year low (NASDAQ:NFLX) | Seeking Alpha",0,https://seekingalpha.com/news/3883563-communications-stocks-dive-for-week-as-meta-finds-35-year-low?source=content_type%3Areact%7Cfirst_level_url%3Amarket-news%7Csection_asset%3Amain%7Csection%3Atechnology
172,Wix.com stock jumps after report activist Starboard took stake (NASDAQ:WIX) | Seeking Alpha,0,https://seekingalpha.com/news/3883529-wixcom-gains-after-report-activist-starboard-stake
173,Veon notes third quarter boosting its 2022 revenue pace (NASDAQ:VEON) | Seeking Alpha,1,https://seekingalpha.com/news/3883503-veon-notes-third-quarter-boosting-its-2022-revenue-pace?source=content_type%3Areact%7Cfirst_level_url%3Amarket-news%7Csection_asset%3Amain%7Csection%3Atechnology
174,Baidu shares slip despite new upbeat views from UBS (NASDAQ:BIDU) | Seeking Alpha,0,https://seekingalpha.com/news/3883420-baidu-shares-slip-despite-new-upbeat-views-from-ubs?source=content_type%3Areact%7Cfirst_level_url%3Amarket-news%7Csection_asset%3Amain%7Csection%3Atechnology
175,Adobe continues dip as analysts downgrade on Figma deal uncertainty | Seeking Alpha,0,https://seekingalpha.com/news/3883371-adobe-continues-dip-as-analysts-downgrade-on-figma-deal-uncertainty?source=content_type%3Areact%7Cfirst_level_url%3Amarket-news%7Csection_asset%3Amain%7Csection%3Atechnology
176,Vimeo posts 1% Y/Y growth in subscribers for month of August | Seeking Alpha,1,https://seekingalpha.com/news/3882866-vimeo-posts-1-yy-growth-in-subscribers-for-month-of-august?source=content_type%3Areact%7Cfirst_level_url%3Amarket-news%7Csection_asset%3Amain%7Csection%3Atechnology
177,Adobe gets no relief after it 'overpaid' for Figma (NASDAQ:ADBE) | Seeking Alpha,0,https://seekingalpha.com/news/3883185-adobe-gets-no-relief-after-it-overpaid-for-figma?source=content_type%3Areact%7Cfirst_level_url%3Amarket-news%7Csection_asset%3Amain%7Csection%3Atechnology
178,Ericsson slips amid double downgrade to Underperform at Credit Suisse (NASDAQ:ERIC) | Seeking Alpha,0,https://seekingalpha.com/news/3883168-ericsson-slips-amid-double-downgrade-to-underperform-at-credit-suisse?source=content_type%3Areact%7Cfirst_level_url%3Amarket-news%7Csection_asset%3Amain%7Csection%3Atechnology
179,"IronNet plunges by almost 50% following 'disastrous' results, co-CEO's departure | Seeking Alpha",0,https://seekingalpha.com/news/3883000-ironnet-plunges-by-almost-50-following-disastrous-results-co-ceos-departure?source=content_type%3Areact%7Cfirst_level_url%3Amarket-news%7Csection_asset%3Amain%7Csection%3Atechnology
180,Netflix aiming for 40M ad-supported viewers by Q3 next year - WSJ (NASDAQ:NFLX) | Seeking Alpha,0,https://seekingalpha.com/news/3882801-netflix-aiming-for-40m-ad-supported-viewers-by-q3-next-year-wsj?source=content_type%3Areact%7Cfirst_level_url%3Amarket-news%7Csection_asset%3Amain%7Csection%3Atechnology
181,AST SpaceMobile gains on successful launch of test satellite (NASDAQ:ASTS) | Seeking Alpha,1,https://seekingalpha.com/news/3882679-ast-spacemobile-gains-on-successful-launch-of-test-satellite?source=content_type%3Areact%7Cfirst_level_url%3Amarket-news%7Csection_asset%3Amain%7Csection%3Atechnology
182,Tencent Music stock gains on report it may list in Hong Kong as soon as next week | Seeking Alpha,1,https://seekingalpha.com/news/3882665-tencent-music-gains-on-report-it-may-list-in-hong-kong-as-soon-as-next-week?source=content_type%3Areact%7Cfirst_level_url%3Amarket-news%7Csection_asset%3Amain%7Csection%3Atechnology
183,Radware launches new cloud security center in the United Arab Emirates | Seeking Alpha,1,https://seekingalpha.com/news/3882608-radware-launches-new-cloud-security-center-in-the-united-arab-emirates?source=content_type%3Areact%7Cfirst_level_url%3Amarket-news%7Csection_asset%3Amain%7Csection%3Atechnology
184,Airtel and IBM team up to bring secured edge cloud services to Indian enterprises | Seeking Alpha,1,https://seekingalpha.com/news/3882588-airtel-and-ibm-team-up-to-bring-secured-edge-cloud-services-to-indian-enterprises?source=content_type%3Areact%7Cfirst_level_url%3Amarket-news%7Csection_asset%3Amain%7Csection%3Atechnology
185,Altair to acquire data analytics firm RapidMiner | Seeking Alpha,1,https://seekingalpha.com/news/3882476-altair-to-acquire-data-analytics-firm-rapidminer?source=content_type%3Areact%7Cfirst_level_url%3Amarket-news%7Csection_asset%3Amain%7Csection%3Atechnology
186,Nvidia hits 52-week low as chips plunge after hot inflation report | Seeking Alpha,0,https://seekingalpha.com/news/3882384-advanced-micro-devices-nvidia-pace-semiconductor-decline-after-latest-inflation-report?source=content_type%3Areact%7Cfirst_level_url%3Amarket-news%7Csection_asset%3Amain%7Csection%3Atechnology
187,Twitter whistleblower testifies company is misleading on security (NYSE:TWTR) | Seeking Alpha,0,https://seekingalpha.com/news/3882354-twitter-whistleblower-testifies-company-is-misleading-on-security
188,Change Healthcare jumps after judge denies DOJ request to block UnitedHealth deal | Seeking Alpha,1,https://seekingalpha.com/news/3884119-change-healthcare-jumps-after-judge-denies-doj-request-to-block-unitedhealth-deal?source=content_type%3Areact%7Cfirst_level_url%3Amarket-news%7Csection_asset%3Amain%7Csection%3Am-a
189,Startek stock drops after holder CSP Management formally withdraws bid (NYSE:SRT) | Seeking Alpha,0,https://seekingalpha.com/news/3884131-startek-drops-after-holder-csp-management-formally-withdraws-bid?source=content_type%3Areact%7Cfirst_level_url%3Amarket-news%7Csection_asset%3Amain%7Csection%3Am-a
190,O2Micro stock gains 17% postmarket on revised bid from consortium | Seeking Alpha,1,https://seekingalpha.com/news/3884121-o2micro-stock-gains-17-postmarket-on-revised-bid-from-consortium?source=content_type%3Areact%7Cfirst_level_url%3Amarket-news%7Csection_asset%3Amain%7Csection%3Am-a
191,Zendesk stockholders approve merger with consortium | Seeking Alpha,1,https://seekingalpha.com/news/3884093-zendesk-stockholders-approve-merger-with-consortium?source=content_type%3Areact%7Cfirst_level_url%3Amarket-news%7Csection_asset%3Amain%7Csection%3Am-a
192,BHP considers raising $5.6B bid for OZ Minerals - Bloomberg (NYSE:BHP) | Seeking Alpha,1,https://seekingalpha.com/news/3884007-bhp-considers-raising-56b-bid-for-oz-minerals-bloomberg?source=content_type%3Areact%7Cfirst_level_url%3Amarket-news%7Csection_asset%3Amain%7Csection%3Am-a
193,Rogers stock falls amid note about potential price cut for DuPont sale (NYSE:ROG) | Seeking Alpha,0,https://seekingalpha.com/news/3883812-rogers-falls-amid-note-about-potential-price-cut-for-dupont-sale?source=content_type%3Areact%7Cfirst_level_url%3Amarket-news%7Csection_asset%3Amain%7Csection%3Am-a
194,KnowBe4 stock jumps 29% on report Vista Equity offers $24/share in takeover (NASDAQ:KNBE) | Seeking Alpha,1,https://seekingalpha.com/news/3883726-knowbe4-jumps-29-after-vista-equity-offers-24share-in-takeover?source=content_type%3Areact%7Cfirst_level_url%3Amarket-news%7Csection_asset%3Amain%7Csection%3Am-a
195,WillScot Mobile Mini acquires Allied Office Trailers and Storage Containers | Seeking Alpha,1,https://seekingalpha.com/news/3883727-willscot-mobile-mini-acquires-allied-office-trailers-and-storage-containers?source=content_type%3Areact%7Cfirst_level_url%3Amarket-news%7Csection_asset%3Amain%7Csection%3Am-a
196,McKesson to acquire Rx Savings Solutions in $875M deal (NYSE:MCK) | Seeking Alpha,1,https://seekingalpha.com/news/3883724-mckesson-to-acquire-rx-savings-solutions-in-875m-deal?source=content_type%3Areact%7Cfirst_level_url%3Amarket-news%7Csection_asset%3Amain%7Csection%3Am-a
197,Genfit to acquire Swiss-based Versantis in liver diseases biotech  (NASDAQ:GNFT) | Seeking Alpha,1,https://seekingalpha.com/news/3883698-genfit-to-acquire-swiss-based-versantis-focused-on-liver-diseases?source=content_type%3Areact%7Cfirst_level_url%3Amarket-news%7Csection_asset%3Amain%7Csection%3Am-a
198,Purple stock surges 32% after holder Coliseum Capital offers to buy for $4.35/share | Seeking Alpha,1,https://seekingalpha.com/news/3883663-purple-surges-28-after-holder-coliseum-capital-offers-to-buy-for-435share?source=content_type%3Areact%7Cfirst_level_url%3Amarket-news%7Csection_asset%3Amain%7Csection%3Am-a
199,Wix.com stock jumps after report activist Starboard took stake (NASDAQ:WIX) | Seeking Alpha,1,https://seekingalpha.com/news/3883529-wixcom-gains-after-report-activist-starboard-stake?source=content_type%3Areact%7Cfirst_level_url%3Amarket-news%7Csection_asset%3Amain%7Csection%3Am-a
200,Stonepeak to acquire Intrado's safety business for $2.4B | Seeking Alpha,1,https://seekingalpha.com/news/3883417-stonepeak-to-acquire-intrados-safety-business-for-24b?source=content_type%3Areact%7Cfirst_level_url%3Amarket-news%7Csection_asset%3Amain%7Csection%3Am-a
201,Turquoise Hill holder Pentwater raises stake to 13.8% after 2.5M share purchase (NYSE:TRQ) | Seeking Alpha,1,https://seekingalpha.com/news/3883409-turquoise-hill-holder-pentwater-capital-raises-stake-to-138-after-25m-share-buy?source=content_type%3Areact%7Cfirst_level_url%3Amarket-news%7Csection_asset%3Amain%7Csection%3Am-a
202,Extra Space Storage acquires Storage Express for $590M to expand national portfolio | Seeking Alpha,1,https://seekingalpha.com/news/3883375-extra-space-storage-acquires-storage-express-for-590m-to-expand-national-portfolio?source=content_type%3Areact%7Cfirst_level_url%3Amarket-news%7Csection_asset%3Amain%7Csection%3Am-a
203,Banc of California acquires Deepstack Technologies for $24M in cash and stock deal | Seeking Alpha,1,https://seekingalpha.com/news/3883319-banc-of-california-acquires-deepstack-technologies-for-24m-in-cash-and-stock-deal?source=content_type%3Areact%7Cfirst_level_url%3Amarket-news%7Csection_asset%3Amain%7Csection%3Am-a
204,"NCR ends sale process, to separate into two companies (NYSE:NCR) | Seeking Alpha",0,https://seekingalpha.com/news/3883307-ncr-ends-sales-process-to-separate-into-two-companies?source=content_type%3Areact%7Cfirst_level_url%3Amarket-news%7Csection_asset%3Amain%7Csection%3Am-a
205,Seagen ticks lower as management suggests it could look at acquisitions (NASDAQ:SGEN) | Seeking Alpha,0,https://seekingalpha.com/news/3882796-seagen-ticks-lower-as-management-suggests-it-could-look-at-acquisitions?source=content_type%3Areact%7Cfirst_level_url%3Amarket-news%7Csection_asset%3Amain%7Csection%3Am-a
206,FatBrain acquires Intellagents | Seeking Alpha,1,https://seekingalpha.com/news/3882686-fatbrain-acquires-intellagents?source=content_type%3Areact%7Cfirst_level_url%3Amarket-news%7Csection_asset%3Amain%7Csection%3Am-a
207,"Topaz Energy announces $265.3M acquisition, dividend increase | Seeking Alpha",1,https://seekingalpha.com/news/3881946-topaz-energy-announces-2653m-acquisition-dividend-increase?source=content_type%3Areact%7Cfirst_level_url%3Amarket-news%7Csection_asset%3Amain%7Csection%3Am-a
